Detector,Profile,File,Threshold,Score,TP,TN,FP,FN,Total_Count
earthgeckoSkyline,reward_low_FN_rate,artificialWithAnomaly/art_daily_flatmiddle.csv,0.5,-2.0,0,3025,0,403,4032
earthgeckoSkyline,reward_low_FN_rate,realKnownCause/machine_temperature_system_failure.csv,0.5,0.399885222378,6,19673,4,2262,22695
earthgeckoSkyline,reward_low_FN_rate,realTweets/Twitter_volume_PFE.csv,0.5,2.64676728375,4,13511,9,1584,15858
earthgeckoSkyline,reward_low_FN_rate,realTraffic/speed_7578.csv,0.5,0.563421463053,3,840,2,113,1127
earthgeckoSkyline,reward_low_FN_rate,realKnownCause/cpu_utilization_asg_misconfiguration.csv,0.5,0.0606809412989,3,15793,8,1496,18050
earthgeckoSkyline,reward_low_FN_rate,realAdExchange/exchange-3_cpc_results.csv,0.5,2.58479066115,3,1155,0,150,1538
earthgeckoSkyline,reward_low_FN_rate,realAWSCloudwatch/ec2_disk_write_bytes_c0d644.csv,0.5,-1.10526843508,2,3020,3,403,4032
earthgeckoSkyline,reward_low_FN_rate,realAWSCloudwatch/ec2_cpu_utilization_24ae8d.csv,0.5,-2.26667875935,1,3015,11,401,4032
earthgeckoSkyline,reward_low_FN_rate,artificialNoAnomaly/art_daily_small_noise.csv,0.5,0.0,0,3428,0,0,4032
earthgeckoSkyline,reward_low_FN_rate,realTraffic/occupancy_6005.csv,0.5,0.666650693057,1,1782,2,238,2380
earthgeckoSkyline,reward_low_FN_rate,realTweets/Twitter_volume_FB.csv,0.5,0.483955031645,2,13489,12,1580,15833
earthgeckoSkyline,reward_low_FN_rate,realAWSCloudwatch/iio_us-east-1_i-a2eb1cd9_NetworkIn.csv,0.5,-4.11,0,930,1,126,1243
earthgeckoSkyline,reward_low_FN_rate,realTweets/Twitter_volume_AMZN.csv,0.5,2.1876348174,5,13488,13,1575,15831
earthgeckoSkyline,reward_low_FN_rate,realTweets/Twitter_volume_KO.csv,0.5,0.597666486762,4,13494,20,1583,15851
earthgeckoSkyline,reward_low_FN_rate,realAWSCloudwatch/ec2_cpu_utilization_c6585a.csv,0.5,-1.32,0,3416,12,0,4032
earthgeckoSkyline,reward_low_FN_rate,realAdExchange/exchange-4_cpm_results.csv,0.5,0.494710362685,3,1232,1,161,1643
earthgeckoSkyline,reward_low_FN_rate,realTweets/Twitter_volume_UPS.csv,0.5,1.62646671025,6,13505,26,1579,15866
earthgeckoSkyline,reward_low_FN_rate,realAWSCloudwatch/ec2_disk_write_bytes_1ef3de.csv,0.5,-0.270753571581,2,3536,12,471,4730
earthgeckoSkyline,reward_low_FN_rate,artificialNoAnomaly/art_daily_no_noise.csv,0.5,0.0,0,3428,0,0,4032
earthgeckoSkyline,reward_low_FN_rate,realAdExchange/exchange-2_cpc_results.csv,0.5,-2.0,0,1218,0,163,1624
earthgeckoSkyline,reward_low_FN_rate,realAWSCloudwatch/ec2_cpu_utilization_ac20cd.csv,0.5,0.858908670438,2,3025,0,401,4032
earthgeckoSkyline,reward_low_FN_rate,realAWSCloudwatch/rds_cpu_utilization_cc0c53.csv,0.5,1.55963065999,2,3024,2,400,4032
earthgeckoSkyline,reward_low_FN_rate,realAdExchange/exchange-2_cpm_results.csv,0.5,-4.0,0,1219,0,162,1624
earthgeckoSkyline,reward_low_FN_rate,realKnownCause/nyc_taxi.csv,0.5,-10.0,0,8535,0,1035,10320
earthgeckoSkyline,reward_low_FN_rate,artificialWithAnomaly/art_increase_spike_density.csv,0.5,0.86067182427,1,3025,0,402,4032
earthgeckoSkyline,reward_low_FN_rate,realAWSCloudwatch/grok_asg_anomaly.csv,0.5,2.0720924218,3,3457,6,462,4621
earthgeckoSkyline,reward_low_FN_rate,realKnownCause/ec2_request_latency_system_failure.csv,0.5,-0.903148103894,2,3082,0,344,4032
earthgeckoSkyline,reward_low_FN_rate,realTweets/Twitter_volume_IBM.csv,0.5,-0.910066196989,4,13527,26,1586,15893
earthgeckoSkyline,reward_low_FN_rate,realTraffic/TravelTime_451.csv,0.5,0.591716968275,1,1621,0,216,2162
earthgeckoSkyline,reward_low_FN_rate,artificialNoAnomaly/art_flatline.csv,0.5,0.0,0,3428,0,0,4032
earthgeckoSkyline,reward_low_FN_rate,realAWSCloudwatch/ec2_cpu_utilization_77c1ca.csv,0.5,0.335182286418,2,3018,7,401,4032
earthgeckoSkyline,reward_low_FN_rate,realAWSCloudwatch/ec2_cpu_utilization_53ea38.csv,0.5,-1.19064155562,1,3026,0,401,4032
earthgeckoSkyline,reward_low_FN_rate,artificialWithAnomaly/art_daily_jumpsdown.csv,0.5,-2.0,0,3025,0,403,4032
earthgeckoSkyline,reward_low_FN_rate,realAWSCloudwatch/elb_request_count_8c0756.csv,0.5,1.58673112471,2,3025,1,400,4032
earthgeckoSkyline,reward_low_FN_rate,realAdExchange/exchange-4_cpc_results.csv,0.5,-0.597713806825,2,1229,3,163,1643
earthgeckoSkyline,reward_low_FN_rate,realAWSCloudwatch/ec2_network_in_257a54.csv,0.5,0.86067182427,1,3025,0,402,4032
earthgeckoSkyline,reward_low_FN_rate,realTraffic/TravelTime_387.csv,0.5,-0.842248804584,2,1872,4,247,2500
earthgeckoSkyline,reward_low_FN_rate,artificialWithAnomaly/art_daily_nojump.csv,0.5,-2.0,0,3025,0,403,4032
earthgeckoSkyline,reward_low_FN_rate,realAWSCloudwatch/ec2_cpu_utilization_825cc2.csv,0.5,0.956537840284,2,3085,0,341,4032
earthgeckoSkyline,reward_low_FN_rate,artificialWithAnomaly/art_daily_jumpsup.csv,0.5,0.844119278493,1,3025,0,402,4032
earthgeckoSkyline,reward_low_FN_rate,realKnownCause/ambient_temperature_system_failure.csv,0.5,1.73112026714,3,5791,0,723,7267
earthgeckoSkyline,reward_low_FN_rate,artificialNoAnomaly/art_daily_perfect_square_wave.csv,0.5,0.0,0,3428,0,0,4032
earthgeckoSkyline,reward_low_FN_rate,realAdExchange/exchange-3_cpm_results.csv,0.5,0.422209322564,1,1151,4,152,1538
earthgeckoSkyline,reward_low_FN_rate,realTweets/Twitter_volume_CRM.csv,0.5,1.48339096848,4,13548,11,1589,15902
earthgeckoSkyline,reward_low_FN_rate,realKnownCause/rogue_agent_key_hold.csv,0.5,-4.33,0,1407,3,190,1882
earthgeckoSkyline,reward_low_FN_rate,realKnownCause/rogue_agent_key_updown.csv,0.5,-4.4483174276,0,4030,5,530,5315
earthgeckoSkyline,reward_low_FN_rate,realTweets/Twitter_volume_GOOG.csv,0.5,-1.37256061299,4,13648,12,1428,15842
earthgeckoSkyline,reward_low_FN_rate,realTweets/Twitter_volume_CVS.csv,0.5,1.86451785906,4,13569,8,1522,15853
earthgeckoSkyline,reward_low_FN_rate,artificialNoAnomaly/art_noisy.csv,0.5,0.0,0,3428,0,0,4032
earthgeckoSkyline,reward_low_FN_rate,realTraffic/speed_6005.csv,0.5,0.842622001756,1,1886,0,238,2500
earthgeckoSkyline,reward_low_FN_rate,realTweets/Twitter_volume_AAPL.csv,0.5,2.88763896242,6,13554,10,1582,15902
earthgeckoSkyline,reward_low_FN_rate,realAWSCloudwatch/ec2_cpu_utilization_5f5533.csv,0.5,-1.35099824357,1,3026,0,401,4032
earthgeckoSkyline,reward_low_FN_rate,artificialWithAnomaly/art_load_balancer_spikes.csv,0.5,0.120453051542,1,3017,8,402,4032
earthgeckoSkyline,reward_low_FN_rate,realAWSCloudwatch/ec2_cpu_utilization_fe7f93.csv,0.5,-1.40164426018,2,3012,11,403,4032
earthgeckoSkyline,reward_low_FN_rate,realAWSCloudwatch/rds_cpu_utilization_e47b3b.csv,0.5,1.66247408318,2,3025,1,400,4032
earthgeckoSkyline,reward_low_FN_rate,realTraffic/occupancy_t4013.csv,0.5,1.7360251845,2,1875,0,248,2500
earthgeckoSkyline,reward_low_FN_rate,realTraffic/speed_t4013.csv,0.5,1.86140505099,2,1871,0,248,2495
earthgeckoSkyline,reward_low_FN_rate,realAWSCloudwatch/ec2_network_in_5abac7.csv,0.5,0.993806714479,2,3540,7,472,4730
Totals,,,,-9.97548373978,108,299082,265,33387,365558
